WP,Name,Project Activity,Research Question,Lead,Q1,Q2,Q3,Q4,Q5,Q6
WP1,Work package name 1,Activity 1.1:,RQ 1.1:,Lead person initials,NA,NA,NA,NA,NA,NA
WP1,Work package name 1,Activity 1.2:,RQ 1.2:,Lead person initials,NA,NA,NA,NA,NA,NA
WP1,Work package name 1,Activity 1.3:,RQ 1.3:,Lead person initials,NA,NA,NA,NA,NA,NA
WP2,Work package name 2,Activity 2.1:,RQ 2.1:,Lead person initials,NA,NA,NA,NA,NA,NA
WP2,Work package name 2,Activity 2.2:,RQ 2.2:,Lead person initials,NA,NA,NA,NA,NA,NA
WP2,Work package name 2,Activity 2.3:,RQ 2.3:,Lead person initials,NA,NA,NA,NA,NA,NA
WP3,Work package name 3,Activity 3.1:,RQ 3.1:,Lead person initials,NA,NA,NA,NA,NA,NA
WP3,Work package name 3,Activity 3.2:,RQ 3.2:,Lead person initials,NA,NA,NA,NA,NA,NA
WP3,Work package name 3,Activity 3.3:,RQ 3.3:,Lead person initials,NA,NA,NA,NA,NA,NA
WP4,Work package name 4,Activity 4.1:,RQ 4.1:,Lead person initials,NA,NA,NA,NA,NA,NA
WP4,Work package name 4,Activity 4.2:,RQ 4.2:,Lead person initials,NA,NA,NA,NA,NA,NA
WP4,Work package name 4,Activity 4.3:,RQ 4.3:,Lead person initials,NA,NA,NA,NA,NA,NA
